class	a	game/UIHotspot
class	a/a	game/billing/BillingClient
class	a/b	game/billing/BillingListener
class	a/c	game/billing/NetworkConnection
class	a/d	game/billing/NetworkConfig
class	a/e	game/billing/BillingException
class	a/f	game/billing/TransactionRecord
class	a/g	game/billing/ProtocolEncoder
class	a/h	game/billing/SecurityHelper
class	a/i	game/billing/SessionData
class	a/j	game/billing/PropertyRef
class	aa	game/AnimationCache
class	ab	game/UIManager
class	ac	game/MessageBox
class	ad	game/ScriptCommand
class	ae	game/EngineUtils
class	af	game/ItemListWidget
class	ag	game/SmsSender
class	ah	game/SkillEffect
class	ai	game/ParticleEffect
class	aj	game/ResourceStream
class	ak	game/Rectangle
class	al	game/MenuWidget
class	am	game/ImageCache
class	an	game/BaseScreen
class	ao	game/UILayoutView
class	ap	game/BaseInputHandler
class	aq	game/GameDatabase
class	ar	game/SaveStorage
class	as	game/CanvasRepaintTimerTask
class	b	game/ScreenView
class	c	game/BillingResultListener
class	d	game/SpriteRenderer
class	e	game/PixelBuffer
class	f	game/WorldEntity
class	g	game/FormattedTextBuffer
class	game/GameMIDLet	game/GameMIDLet
class	game/a	game/NpcEntity
class	game/b	game/Pet
class	game/c	game/OverworldScreen
class	game/d	game/BattleScreen
class	game/e	game/GameCanvas
class	game/f	game/TitleScreen
class	game/g	game/Player
class	game/h	game/ScriptEngine
class	game/i	game/GameStateController
class	game/j	game/TileMapRenderer
class	game/k	game/WorldManager
class	h	game/DebugLogger
class	i	game/ScriptEventListener
class	j	game/MapEngine
class	k	game/UIStyle
class	l	game/ImageTransformer
class	lavax/wireless/messaging/MessageConnection	lavax/wireless/messaging/MessageConnection
class	m	game/SpriteWidget
class	n	game/BaseEntity
class	o	game/SpriteData
class	p	game/ScriptSequence
class	q	game/BillingCanvas
class	r	game/BillingCallback
class	s	game/TextLayoutHelper
class	t	game/StringTable
class	u	game/SmsConfig
class	v	game/CarrierHelper
class	w	game/UIComponent
class	x	game/SmsResultListener
class	y	game/TextPainter
class	z	game/UISelectionConfig
field	aa	a	[Lo;	animationDataById
field	aa	b	[S	petFrameXOffsets
field	aa	c	[[S	petAnimations
field	ab	a	Lao;	activeView
field	ab	b	Ly;	textPainter
field	ab	c	Lab;	instance
field	ab	d	Ljava/util/Hashtable;	viewsByPath
field	ab	e	Ljava/util/Vector;	viewStack
field	ab	f	Ljava/util/Vector;	openPaths
field	ad	a	S	opcode
field	ad	b	[S	numericArguments
field	ad	c	[Ljava/lang/String;	textArguments
field	af	c	Ly;	textPainter
field	af	d	I	componentId
field	af	e	I	x
field	af	f	I	y
field	af	g	I	width
field	af	h	I	height
field	af	i	I	componentType
field	af	j	Lk;	style
field	af	k	I	parentId
field	af	m	Lz;	selection
field	af	n	Z	visible
field	aj	a	Ljava/lang/String;	resourcePath
field	aj	b	Ljava/util/Vector;	openStreams
field	aj	c	Ljava/lang/Class;	resourceClass
field	ak	a	I	x
field	ak	b	I	y
field	ak	c	I	width
field	ak	d	I	height
field	al	c	I	componentId
field	al	d	I	x
field	al	e	I	y
field	al	f	I	width
field	al	g	I	height
field	al	h	I	componentType
field	al	j	Lk;	style
field	al	k	I	parentId
field	al	m	Lz;	selection
field	al	n	[Lw;	children
field	al	o	Z	visible
field	am	a	[Ljavax/microedition/lcdui/Image;	images
field	am	b	[B	referenceCounts
field	am	c	I	capacity
field	an	P	B	screenMode
field	an	Q	B	previousScreenMode
field	an	R	Lab;	uiManager
field	an	S	Lgame/h;	interactionController
field	an	W	Z	isGameStarted
field	an	X	Z	isVipUnlocked
field	an	a	S	screenWidth
field	an	b	S	screenHeight
field	an	c	I	frameDelayMs
field	an	d	Ljavax/microedition/lcdui/Font;	smallFont
field	an	e	Ljavax/microedition/lcdui/Font;	mediumFont
field	an	f	I	keyDelay
field	ao	a	[Lw;	components
field	ao	b	I	componentCount
field	ao	c	Lal;	root
field	ao	g	Ly;	textPainter
field	ao	h	Li;	eventListener
field	ap	Y	Z	inputEnabled
field	ap	a	Lap;	inputDelegate
field	ap	b	I	heldKeys
field	ap	c	I	pressedKeys
field	ap	d	I	releasedKeys
field	ap	e	I	frameHeldKeys
field	ap	f	I	framePressedKeys
field	ap	g	I	frameReleasedKeys
field	ap	h	I	pointerX
field	ap	i	I	pointerY
field	aq	a	[[S	spriteTable
field	aq	b	[[S	tilesetImageTable
field	aq	c	[[[S	gameDatabase
field	aq	d	[Ljava/lang/String;	strings
field	aq	e	[[I	texturePixels
field	aq	f	Ljavax/microedition/lcdui/Image;	backgroundImage
field	ar	b	[B	extraData
field	ar	c	Ljava/lang/String;	storeName
field	ar	d	Ljavax/microedition/rms/RecordStore;	recordStore
field	ar	e	I	recordCount
field	ar	f	I	recordId
field	d	a	I	spriteId
field	d	b	B	animationId
field	d	k	[Ljavax/microedition/lcdui/Image;	imageSheets
field	d	l	Lo;	spriteData
field	d	m	[I	imageIds
field	d	n	I	remainingFrameTicks
field	d	o	I	remainingExtraTicks
field	d	p	B	nextAnimationId
field	d	q	I	animationStepIndex
field	d	r	I	animationStepCount
field	f	a	Ld;	spriteRenderer
field	f	b	Lf;	targetEntity
field	game/GameMIDLet	a	Lgame/GameMIDLet;	instance
field	game/GameMIDLet	b	Ljavax/microedition/lcdui/Display;	display
field	game/GameMIDLet	c	Lgame/e;	canvas
field	game/b	C	S	spriteId
field	game/b	D	B	selectedSkillId
field	game/b	L	Lah;	specialAttackEffect
field	game/b	M	[S	qualityPercentages
field	game/b	O	B	learnedSkillCount
field	game/b	S	I	currentExp
field	game/b	T	I	level
field	game/b	V	I	speciesId
field	game/b	W	B	statVariant
field	game/b	t	[B	evolutionLevelThresholds
field	game/b	u	Lah;	activeSkillEffect
field	game/b	y	[S	skillUsesRemaining
field	game/b	z	[B	learnedSkillIds
field	game/e	a	Lgame/e;	activeCanvas
field	game/e	b	Lgame/e;	instance
field	game/e	c	Lgame/GameMIDLet;	midlet
field	game/e	d	Lap;	activeInputHandler
field	game/e	e	Lgame/i;	stateController
field	game/e	f	J	frameStartTimeMs
field	game/e	g	J	frameEndTimeMs
field	game/e	h	J	frameWorkTimeMs
field	game/g	A	I	partyPetCount
field	game/g	C	[[B	collectionFlags
field	game/g	D	[[B	collectionOrder
field	game/g	R	[S	quickItemSlots
field	game/g	W	[I	elementStartIds
field	game/g	X	[I	elementSpeciesCounts
field	game/g	Y	Lgame/g;	instance
field	game/g	af	I	gold
field	game/g	ag	I	arenaPoints
field	game/g	z	[Lgame/b;	petParty
field	game/i	h	Lgame/i;	instance
field	game/i	i	B	state
field	game/i	j	B	previousState
field	game/i	m	Lan;	activeScreen
field	game/i	t	Ljavax/microedition/media/Player;	musicPlayer
field	game/i	u	Ljavax/microedition/media/control/VolumeControl;	volumeControl
field	j	A	[[[S	layerData
field	j	B	[B	layerTypes
field	j	C	Ljavax/microedition/lcdui/Image;	bufferImage
field	j	D	Ljavax/microedition/lcdui/Graphics;	bufferGraphics
field	j	E	Z	needsFullRedraw
field	j	a	I	cameraX
field	j	b	I	cameraY
field	j	c	I	mapPixelWidth
field	j	d	I	mapPixelHeight
field	j	e	Lj;	instance
field	j	f	[I	transformLookupTable
field	j	g	I	viewportWidth
field	j	h	I	viewportHeight
field	j	i	S	mapColumns
field	j	j	S	mapRows
field	j	k	S	tileWidth
field	j	l	S	tileHeight
field	j	m	I	mapId
field	j	n	B	tilesetId
field	j	o	B	previousTilesetId
field	j	p	[Ljavax/microedition/lcdui/Image;	tileImages
field	j	q	I	lastCameraX
field	j	r	I	lastCameraY
field	j	s	I	startTileCol
field	j	t	I	startTileRow
field	j	u	I	endTileCol
field	j	v	I	endTileRow
field	j	w	I	visibleTileCols
field	j	x	I	visibleTileRows
field	j	y	B	layerCount
field	j	z	[[S	tileDefinitions
field	k	a	Ljava/lang/String;	text
field	n	a	S	followDistance
field	n	b	[[I	followHistory
field	n	c	[S	baseStats
field	n	d	[S	currentStats
field	n	f	Z	visible
field	n	h	B	actionState
field	n	i	I	posX
field	n	j	I	posY
field	n	n	B	facingDirection
field	n	p	Ln;	ownerEntity
field	n	t	Z	following
field	o	a	I	referenceCount
field	o	b	[S	modules
field	o	c	[[S	attackRegions
field	o	d	[[S	collisionRegions
field	o	e	[[S	frames
field	o	f	[[S	animations
field	o	g	Z	hasExtendedAnimationSteps
field	p	a	[Lad;	commands
field	p	b	B	eventId
field	p	c	Ljava/util/Vector;	activeCommands
field	p	d	B	commandIndex
field	p	e	B	state
field	p	f	I	packedSourceRoom
field	z	a	I	itemCount
field	z	b	[I	itemIds
field	z	d	I	visibleItemCount
field	z	e	I	firstVisibleIndex
field	z	f	I	selectedIndex
field	z	g	Z	wrapSelection
method	a/h	a	(ILjava/lang/Object;)V	setKeyAt
method	a/h	a	(Ljava/lang/Object;Ljava/lang/Object;)V	put
method	aa	a	()V	initialize
method	aa	a	(I)Lo;	getAnimationData
method	aa	a	([SI)[[S	groupRegionsByFrame
method	aa	b	(I)V	releaseAnimationData
method	aa	c	(I)Z	evictAnimationData
method	ab	a	()Lab;	getInstance
method	ab	a	(Lao;I)Z	isDialogAnimationStep
method	ab	a	(Ljava/lang/String;)V	closeUI
method	ab	a	(Ljava/lang/String;ILi;)V	openUI
method	ab	a	(Ljavax/microedition/lcdui/Graphics;)V	render
method	ab	b	()V	releaseAll
method	ab	b	(Ljava/lang/String;)Z	isTopUI
method	ab	c	()V	update
method	ab	c	(Ljava/lang/String;)Z	isUIOpen
method	ab	d	()Z	isDialogAnimationFinished
method	ab	d	(Ljava/lang/String;)Lao;	getView
method	ac	a	()I	getId
method	ac	a	(ILw;)V	setX
method	ac	a	(Ljavax/microedition/lcdui/Graphics;ZZLw;[I)V	render
method	ac	a	(Lk;)V	setStyle
method	ac	a	(Lw;)V	updateLayout
method	ac	a	(Z)V	setVisible
method	ac	b	()I	getX
method	ac	b	(ILw;)V	setY
method	ac	c	()I	getY
method	ac	c	(ILw;)V	setWidth
method	ac	d	()I	getWidth
method	ac	d	(ILw;)V	setHeight
method	ac	e	()I	getHeight
method	ac	f	()Lz;	getSelection
method	ac	g	()[Lw;	getChildren
method	ac	h	()Lk;	getStyle
method	ac	i	()I	getType
method	ac	j	()I	getParentId
method	ac	k	()V	release
method	ad	a	()S	getOpcode
method	ad	a	(Ljava/io/DataInputStream;[Ljava/lang/String;)V	read
method	ad	b	()[S	getNumericArguments
method	ad	c	()[Ljava/lang/String;	getTextArguments
method	ae	a	(I)I	randomInt
method	ae	a	(Ljava/io/InputStream;)[[S	readShortRows
method	ae	a	(Ljava/lang/String;)Ljava/io/InputStream;	openResource
method	ae	a	(Ljava/lang/String;Ljava/lang/String;)Ljavax/microedition/lcdui/Image;	loadPng
method	ae	a	([B)Ljava/lang/String;	decodeUtf16
method	ae	a	([B[I)[S	readFlatShorts
method	ae	b	(II)I	randomRange
method	ae	b	(Ljava/io/InputStream;)[[B	readByteRows
method	ae	b	(Ljava/lang/String;Ljava/lang/String;)Ljavax/microedition/lcdui/Image;	loadImage
method	ae	b	([B[I)[[S	readShortMatrix
method	ae	c	(Ljava/io/InputStream;)[[Ljava/lang/String;	readStringRows
method	ae	c	([B[I)B	readByte
method	ae	d	([B[I)S	readShort
method	ae	e	([B[I)I	readInt
method	af	a	()I	getId
method	af	a	(ILw;)V	setX
method	af	a	(Ljavax/microedition/lcdui/Graphics;ZZLw;[I)V	render
method	af	a	(Lk;)V	setStyle
method	af	a	(Lw;)V	updateLayout
method	af	a	(Z)V	setVisible
method	af	b	()I	getX
method	af	b	(ILw;)V	setY
method	af	c	()I	getY
method	af	c	(ILw;)V	setWidth
method	af	d	()I	getWidth
method	af	d	(ILw;)V	setHeight
method	af	e	()I	getHeight
method	af	f	()Lz;	getSelection
method	af	g	()[Lw;	getChildren
method	af	h	()Lk;	getStyle
method	af	i	()I	getType
method	af	j	()I	getParentId
method	af	k	()V	release
method	aj	a	(Ljava/lang/String;)Ljava/io/InputStream;	openResource
method	al	a	()I	getId
method	al	a	(ILw;)V	setX
method	al	a	(Ljavax/microedition/lcdui/Graphics;ZZLw;[I)V	render
method	al	a	(Lk;)V	setStyle
method	al	a	(Lw;)V	updateLayout
method	al	a	(Z)V	setVisible
method	al	b	()I	getX
method	al	b	(ILw;)V	setY
method	al	c	()I	getY
method	al	c	(ILw;)V	setWidth
method	al	d	()I	getWidth
method	al	d	(ILw;)V	setHeight
method	al	e	()I	getHeight
method	al	f	()Lz;	getSelection
method	al	g	()[Lw;	getChildren
method	al	h	()Lk;	getStyle
method	al	i	()I	getType
method	al	j	()I	getParentId
method	al	k	()V	release
method	am	a	()V	initialize
method	am	a	(I)Ljavax/microedition/lcdui/Image;	getImage
method	am	b	(I)V	releaseImage
method	am	c	(I)Z	evictImage
method	an	A	()V	resetFrameDelay
method	an	B	()I	getFrameDelay
method	an	C	()I	getKeyDelay
method	an	D	()Ljavax/microedition/lcdui/Font;	getSmallFont
method	an	E	()Ljavax/microedition/lcdui/Font;	getMediumFont
method	an	F	()I	getFontCharWidth
method	an	G	()I	getFontHeight
method	an	a	(B)V	setScreenMode
method	an	a	(SS)V	setScreenSize
method	an	a	(Z)V	onBillingResult
method	an	b	(Z)V	onSmsResult
method	an	e	(I)V	setKeyDelay
method	an	f	(I)Ljava/lang/String;	getString
method	an	u	()V	resumeGame
method	an	v	()Z	isPaused
method	an	w	()S	getScreenWidth
method	an	x	()S	getScreenHeight
method	an	y	()S	getHalfWidth
method	an	z	()S	getHalfHeight
method	ao	a	()Lal;	getRoot
method	ao	a	(I)Lw;	getComponent
method	ao	a	(Ljava/lang/String;I)V	loadLayout
method	ao	a	(Ljavax/microedition/lcdui/Graphics;)V	render
method	ao	a	(Ly;)V	setTextPainter
method	ao	b	()V	update
method	ao	b	(I)Z	navigateSelection
method	ao	c	()V	release
method	ao	d	()V	resetLayout
method	ap	P	()V	resetInputState
method	ap	Q	()Z	consumeLeftSoftPointer
method	ap	R	()Z	hasNavigationKeyRelease
method	ap	S	()V	snapshotInput
method	ap	a	(I)I	keyCodeToMask
method	ap	a	(Lap;)V	setInputDelegate
method	ap	c	(Z)V	setInputEnabled
method	ap	d	(II)V	onPointerEvent
method	ap	i	(I)V	onKeyPressed
method	ap	j	(I)V	onKeyReleased
method	ap	k	(I)Z	isKeyPressed
method	ap	l	(I)Z	isKeyHeld
method	aq	a	()V	initialize
method	aq	a	(BSB)S	getValue
method	aq	a	(Ljava/lang/String;)V	loadNpcDialog
method	aq	b	()V	loadTexturePixels
method	aq	b	(Ljava/lang/String;)V	loadDatabase
method	aq	c	(Ljava/lang/String;)V	loadStrings
method	ar	a	()[B	read
method	ar	a	(Ljava/io/ByteArrayOutputStream;)V	write
method	ar	b	()V	deleteStore
method	ar	c	()I	getRecordCount
method	c	a	(Z)V	onBillingResult
method	d	a	()V	releaseSprite
method	d	a	(BB)V	setAnimationWithoutReset
method	d	a	(BBZ)Z	setAnimation
method	d	a	(IB)[I	getAnimationBounds
method	d	a	(IIZ)V	replaceImage
method	d	a	(IZ)Z	loadSprite
method	d	a	(Ljavax/microedition/lcdui/Graphics;IIB)V	drawCurrentFrame
method	d	a	(Ljavax/microedition/lcdui/Graphics;IIIB)V	drawFrame
method	d	b	()V	evictSprite
method	d	b	(I)Z	isAnimationStep
method	d	b	(IB)[I	getFrameBounds
method	d	c	(I)V	selectAnimationStep
method	d	d	()Z	advanceAnimation
method	d	e	()Z	isLastAnimationStep
method	d	f	()Z	isFrameTimerExpired
method	d	g	()B	getAnimationId
method	d	h	()I	getAnimationStepIndex
method	f	a	()Z	advanceAnimationIfVisible
method	f	a	(BB)V	setAnimationAndDirection
method	f	a	(BBZ)Z	setAnimation
method	f	a	(I)V	moveInFacingDirection
method	f	a	(II)V	replaceSpriteImage
method	f	a	(IZ)Z	loadSprite
method	f	a	(Ljavax/microedition/lcdui/Graphics;II)V	renderInWorld
method	f	b	()Z	isLastAnimationStep
method	f	c	()V	activate
method	f	d	()V	deactivate
method	f	e	()V	deactivateTarget
method	game/a	a	(I)V	moveInFacingDirection
method	game/a	b	(II)V	setPosition
method	game/a	d	()V	deactivate
method	game/b	F	()[I	findLearnableSkills
method	game/b	G	()V	updateLearnedSkills
method	game/b	J	()V	checkEvolution
method	game/b	P	()[I	toSaveData
method	game/b	Q	()[I	toSkillSaveData
method	game/b	R	()I	getEvolutionKind
method	game/b	S	()Z	isAlive
method	game/b	a	(IISBSB)V	initPet
method	game/b	a	(Lgame/b;)B	getElementalAffinity
method	game/b	a	(Ljavax/microedition/lcdui/Graphics;)V	render
method	game/b	a	(SII)V	restoreProgress
method	game/b	a	([I)V	restore
method	game/b	b	(Lgame/b;)[I	calculateDamage
method	game/b	c	()V	activate
method	game/b	d	()V	deactivate
method	game/b	d	(B)V	setBattleAnimationState
method	game/b	g	()V	resetCurrentStats
method	game/b	g	(B)V	learnSkill
method	game/b	j	(B)I	getSpeciesValue
method	game/b	o	()V	updateBattleEffects
method	game/b	q	()I	getPetId
method	game/b	s	()I	getLevel
method	game/b	t	()Z	isMaxLevel
method	game/b	u	()I	getExpToNextLevel
method	game/b	v	()V	levelUp
method	game/c	a	(B)V	setScreenMode
method	game/d	a	(B)V	setScreenMode
method	game/d	c	(I)Lgame/b;	getBattlePet
method	game/e	a	()Lgame/e;	getInstance
method	game/e	a	(Lgame/GameMIDLet;)Lgame/e;	getInstance
method	game/e	keyPressed	(I)V	keyPressed
method	game/e	keyReleased	(I)V	keyReleased
method	game/f	a	(B)V	setScreenMode
method	game/g	E	()I	getGold
method	game/g	F	()V	resetGold
method	game/g	G	()I	getArenaPoints
method	game/g	H	()V	resetArenaPoints
method	game/g	I	()V	initializeStarterPet
method	game/g	a	(BI)B	getCollectionFlag
method	game/g	a	(IB)I	countItem
method	game/g	a	(IZ)Z	loadSprite
method	game/g	o	()Lgame/g;	getInstance
method	game/g	p	()V	releaseParty
method	game/g	s	(I)V	addGold
method	game/g	t	(I)Z	hasGold
method	game/g	u	(I)V	addArenaPoints
method	game/g	v	(I)Z	hasArenaPoints
method	game/h	a	([I)V	onScriptEvent
method	game/i	a	()Lgame/i;	getInstance
method	game/i	a	(B)V	setScreenMode
method	game/i	c	(Z)V	setInputEnabled
method	game/i	e	()B	getState
method	game/k	a	(B)V	setScreenMode
method	i	a	([I)V	onScriptEvent
method	j	a	()Lj;	getInstance
method	j	a	(I)V	loadMap
method	j	a	(II)V	centerCamera
method	j	a	(Ljavax/microedition/lcdui/Graphics;II)V	renderLayer
method	j	a	(Ljavax/microedition/lcdui/Graphics;IIIII)V	renderTileRegion
method	j	b	()V	release
method	j	b	(II)B	getCollisionTile
method	j	b	(Ljavax/microedition/lcdui/Graphics;IIIII)V	renderBasicGridRegion
method	j	c	()V	updateVisibleBounds
method	j	c	(II)Z	isOutOfBounds
method	j	c	(Ljavax/microedition/lcdui/Graphics;IIIII)V	renderTransformedGridRegion
method	j	d	()V	loadTileset
method	n	a	(B)S	getCurrentHp
method	n	a	(BS)V	setCurrentStat
method	n	a	(III)Z	moveTowards
method	n	a	(Ld;Ld;)V	updateFollowing
method	n	a	(Ln;)V	setOwnerEntity
method	n	b	(B)V	setFacingDirection
method	n	b	(II)V	setPosition
method	n	b	(Z)V	setVisible
method	n	c	(B)V	startFollowing
method	n	d	(I)V	movePosX
method	n	e	(I)V	movePosY
method	n	g	()V	resetCurrentStats
method	n	h	()B	getActionState
method	n	j	()Z	isVisible
method	n	l	()I	getPosX
method	n	m	()I	getPosY
method	n	n	()Z	isFollowing
method	p	a	()B	getState
method	p	a	(B)V	setState
method	p	a	(Ljava/io/DataInputStream;BI[Ljava/lang/String;)V	read
method	p	b	()B	getEventId
method	p	b	(B)V	setCommandIndex
method	p	c	()Lad;	getCurrentCommand
method	p	d	()Lad;	getFirstCommand
method	p	e	()V	advance
method	p	f	()[I	getSourceRoom
method	w	a	()I	getId
method	w	a	(ILw;)V	setX
method	w	a	(Ljavax/microedition/lcdui/Graphics;ZZLw;[I)V	render
method	w	a	(Lk;)V	setStyle
method	w	a	(Lw;)V	updateLayout
method	w	a	(Z)V	setVisible
method	w	b	()I	getX
method	w	b	(ILw;)V	setY
method	w	c	()I	getY
method	w	c	(ILw;)V	setWidth
method	w	d	()I	getWidth
method	w	d	(ILw;)V	setHeight
method	w	e	()I	getHeight
method	w	f	()Lz;	getSelection
method	w	g	()[Lw;	getChildren
method	w	h	()Lk;	getStyle
method	w	i	()I	getType
method	w	j	()I	getParentId
method	w	k	()V	release
method	x	b	(Z)V	onSmsResult
